,MAE_val,RMSE_val,Loss_val,RegLoss_val,epoch,MAE,RMSE,Loss,RegLoss
0,0.5469264984130859,0.6944338083267212,1.8310437202453613,0.0,0,0.32145458459854126,0.46078962087631226,0.33086642622947693,0.0
1,0.728195309638977,0.926654577255249,4.493541717529297,0.0,1,0.4809187054634094,0.6358838081359863,1.2717891931533813,0.0
2,1.1578116416931152,1.4899218082427979,18.11684226989746,0.0,2,0.7957912087440491,1.0348185300827026,4.984902858734131,0.0
